job,site,start,finish,due_date
JOB-20,SITE-1,3,59,462
JOB-12,SITE-2,4,89,465
JOB-15,SITE-1,66,105,492
JOB-1,SITE-2,100,127,459
JOB-4,SITE-1,106,142,471
JOB-11,SITE-1,144,226,479
JOB-3,SITE-2,170,200,446
JOB-18,SITE-2,201,255,455
JOB-13,SITE-1,231,278,481
JOB-8,SITE-2,269,352,447
JOB-7,SITE-1,279,310,428
JOB-5,SITE-1,311,326,425
JOB-19,SITE-1,327,407,452
JOB-10,SITE-2,354,414,461
JOB-9,SITE-1,408,470,508
JOB-17,SITE-2,426,461,466
JOB-2,SITE-2,462,544,435
JOB-6,SITE-1,471,551,515
JOB-14,SITE-1,552,637,499
JOB-16,SITE-1,719,782,505
